{
  "name": "layer",
  "main": "src/layer.js",
  "homepage": "https://github.com/sentsin/layer",
  "authors": [
    "sentsin <xu@sentsin.com>"
  ],
  "description": "弹窗组件",
  "moduleType": [
    "amd",
    "globals"
  ],
  "keywords": [
    "layer",
    "layui",
    "dialog"
  ],
  "license": "LGPL",
  "_release": "4a5a28250c",
  "_resolution": {
    "type": "branch",
    "branch": "master",
    "commit": "4a5a28250c4bccd55ad1ed25d58ab079ce3ba1a9"
  },
  "_source": "https://github.com/sentsin/layer.git",
  "_target": "*",
  "_originalSource": "layer",
  "_direct": true
}